name,country,domain,email_example
Moultrie Technical College,United States,moultrietech.edu,abc@moultrietech.edu
North Georgia Technical College,United States,northgatech.edu,abc@northgatech.edu
Ogeechee Technical College,United States,ogeecheetech.edu,abc@ogeecheetech.edu
Coastal Pines Technical College,United States,coastalpines.edu,abc@coastalpines.edu
Savannah Technical College,United States,savannahtech.edu,abc@savannahtech.edu
Southeastern Technical College,United States,southeasterntech.edu,abc@southeasterntech.edu
Southern Crescent Technical College,United States,sctech.edu,abc@sctech.edu
South Georgia Technical College,United States,southgatech.edu,abc@southgatech.edu
Southwest Georgia Technical College,United States,southwestgatech.edu,abc@southwestgatech.edu
West Georgia Technical College,United States,westgatech.edu,abc@westgatech.edu
Wiregrass Georgia Technical College,United States,wiregrass.edu,abc@wiregrass.edu
Hawaii Community College,United States,hawaii.hawaii.edu,abc@hawaii.hawaii.edu
Honolulu Community College,United States,honolulu.hawaii.edu,abc@honolulu.hawaii.edu
Kapiolani Community College,United States,kapiolani.hawaii.edu,abc@kapiolani.hawaii.edu
Kauai Community College,United States,kauai.hawaii.edu,abc@kauai.hawaii.edu
Leeward Community College,United States,leeward.hawaii.edu,abc@leeward.hawaii.edu
Windward Community College,United States,windward.hawaii.edu,abc@windward.hawaii.edu
College of Southern Idaho,United States,csi.edu,abc@csi.edu
College of Western Idaho,United States,cwidaho.cc,abc@cwidaho.cc
Eastern Idaho Technical College,United States,eitc.edu,abc@eitc.edu
North Idaho College,United States,nic.edu,abc@nic.edu
Black Hawk College,United States,bhc.edu,abc@bhc.edu
Carl Sandburg College,United States,sandburg.edu,abc@sandburg.edu
City Colleges of Chicago,United States,ccc.edu,abc@ccc.edu
College of DuPage,United States,cod.edu,abc@cod.edu
College of Lake County,United States,www.clcillinois.edu,abc@www.clcillinois.edu
Danville Area Community College,United States,dacc.edu,abc@dacc.edu
Elgin Community College,United States,elgin.edu,abc@elgin.edu
Fox College,United States,foxcollege.edu,abc@foxcollege.edu
Harper College,United States,harpercollege.edu,abc@harpercollege.edu
Heartland Community College,United States,heartland.edu,abc@heartland.edu
Highland Community College,United States,highland.edu,abc@highland.edu
Illinois Central College,United States,icc.edu,abc@icc.edu
Illinois Valley Community College,United States,ivcc.edu,abc@ivcc.edu
John A Logan College,United States,jalc.edu,abc@jalc.edu
John Wood Community College,United States,jwcc.edu,abc@jwcc.edu
Joliet Junior College,United States,jjc.edu,abc@jjc.edu
Kankakee Community College,United States,kcc.edu,abc@kcc.edu
Kaskaskia College,United States,kaskaskia.edu,abc@kaskaskia.edu
Kishwaukee College,United States,kishwaukeecollege.edu,abc@kishwaukeecollege.edu
Lake Land College,United States,lakeland.cc.il.us,abc@lakeland.cc.il.us
Le Cordon Bleu College of Culinary Arts-Chicago,United States,chefs.edu,abc@chefs.edu
Lewis and Clark Community College,United States,lc.edu,abc@lc.edu
Lincoln Land Community College,United States,llcc.edu,abc@llcc.edu
MacCormac College,United States,maccormac.edu,abc@maccormac.edu
McHenry County College,United States,mchenry.edu,abc@mchenry.edu
Moraine Valley Community College,United States,morainevalley.edu,abc@morainevalley.edu
Morton College,United States,morton.edu,abc@morton.edu
Northwestern College-Chicago Campus,United States,northwesterncollege.edu,abc@northwesterncollege.edu
Oakton Community College,United States,oakton.edu,abc@oakton.edu
Parkland College,United States,parkland.edu,abc@parkland.edu
Prairie State College,United States,prairiestate.edu,abc@prairiestate.edu
Rend Lake College,United States,rlc.edu,abc@rlc.edu
Richland Community College,United States,richland.edu,abc@richland.edu
Rock Valley College,United States,rockvalleycollege.edu,abc@rockvalleycollege.edu
Sauk Valley Community College,United States,svcc.edu,abc@svcc.edu
Shawnee Community College,United States,shawneecc.edu,abc@shawneecc.edu
Southeastern Illinois College,United States,sic.edu,abc@sic.edu
South Suburban College,United States,ssc.edu,abc@ssc.edu
Southwestern Illinois College,United States,swic.edu,abc@swic.edu
Spoon River College,United States,src.edu,abc@src.edu
Triton College,United States,triton.edu,abc@triton.edu
Ancilla College,United States,ancilla.edu,abc@ancilla.edu
Ivy Tech Community College,United States,ivytech.edu,abc@ivytech.edu
Des Moines Area Community College,United States,dmacc.edu,abc@dmacc.edu
Eastern Iowa Community College District,United States,eicc.edu,abc@eicc.edu
Hawkeye Community College,United States,hawkeyecollege.edu,abc@hawkeyecollege.edu
Indian Hills Community College,United States,indianhills.edu,abc@indianhills.edu
Iowa Central Community College,United States,iowacentral.edu,abc@iowacentral.edu
Iowa Lakes Community College,United States,iowalakes.edu,abc@iowalakes.edu
Iowa Western Community College,United States,iwcc.edu,abc@iwcc.edu
Kirkwood Community College,United States,kirkwood.edu,abc@kirkwood.edu
Marshalltown Community College,United States,iavalley.edu,abc@iavalley.edu
Northeast Iowa Community College,United States,nicc.edu,abc@nicc.edu
North Iowa Area Community College,United States,niacc.edu,abc@niacc.edu
Northwest Iowa Community College,United States,nwicc.edu,abc@nwicc.edu
Southeastern Community College,United States,scciowa.edu,abc@scciowa.edu
Southwestern Community College,United States,swcciowa.edu,abc@swcciowa.edu
Western Iowa Tech Community College,United States,witcc.edu,abc@witcc.edu
Allen County Community College,United States,allencc.edu,abc@allencc.edu
Barton County Community College,United States,bartonccc.edu,abc@bartonccc.edu
Butler Community College,United States,butlercc.edu,abc@butlercc.edu
Cloud County Community College,United States,cloud.edu,abc@cloud.edu
Coffeyville Community College,United States,coffeyville.edu,abc@coffeyville.edu
Colby Community College,United States,colbycc.edu,abc@colbycc.edu
Cowley County Community College,United States,cowley.edu,abc@cowley.edu
Dodge City Community College,United States,dc3.edu,abc@dc3.edu
Flint Hills Technical College,United States,fhtc.edu,abc@fhtc.edu
Fort Scott Community College,United States,fortscott.edu,abc@fortscott.edu
Garden City Community College,United States,gcccks.edu,abc@gcccks.edu
Highland Community College,United States,highlandcc.edu,abc@highlandcc.edu
Hutchinson Community College,United States,hutchcc.edu,abc@hutchcc.edu
Independence Community College,United States,indycc.edu,abc@indycc.edu
Johnson County Community College,United States,jccc.edu,abc@jccc.edu
Kansas City Kansas Community College,United States,kckcc.edu,abc@kckcc.edu
Labette Community College,United States,labette.edu,abc@labette.edu
Manhattan Area Technical College,United States,manhattantech.edu,abc@manhattantech.edu
Neosho County Community College,United States,neosho.edu,abc@neosho.edu
North Central Kansas Technical College,United States,ncktc.edu,abc@ncktc.edu
Northwest Kansas Technical College,United States,nwktc.edu,abc@nwktc.edu
Pratt Community College,United States,prattcc.edu,abc@prattcc.edu
Seward County Community College and Area Technical School,United States,sccc.edu,abc@sccc.edu
Wichita Area Technical College,United States,watc.edu,abc@watc.edu
Ashland Community and Technical College,United States,ashland.kctcs.edu,abc@ashland.kctcs.edu
Big Sandy Community and Technical College,United States,bigsandy.kctcs.edu,abc@bigsandy.kctcs.edu
Bluegrass Community and Technical College,United States,bluegrass.kctcs.edu,abc@bluegrass.kctcs.edu
Elizabethtown Community and Technical College,United States,elizabethtown.kctcs.edu,abc@elizabethtown.kctcs.edu
Galen College of Nursing-Louisville,United States,galencollege.edu,abc@galencollege.edu
Gateway Community and Technical College,United States,gateway.kctcs.edu,abc@gateway.kctcs.edu
Hazard Community and Technical College,United States,hazard.kctcs.edu,abc@hazard.kctcs.edu
Henderson Community College,United States,hencc.kctcs.edu,abc@hencc.kctcs.edu
Hopkinsville Community College,United States,hopkinsville.kctcs.edu,abc@hopkinsville.kctcs.edu
Jefferson Community and Technical College,United States,jefferson.kctcs.edu,abc@jefferson.kctcs.edu
Madisonville Community College,United States,madisonville.kctcs.edu,abc@madisonville.kctcs.edu
Maysville Community and Technical College,United States,maysville.kctcs.edu,abc@maysville.kctcs.edu
Owensboro Community and Technical College,United States,owensboro.kctcs.edu,abc@owensboro.kctcs.edu
Somerset Community College,United States,somerset.kctcs.edu,abc@somerset.kctcs.edu
Southcentral Kentucky Community and Technical College,United States,bowlinggreen.kctcs.edu,abc@bowlinggreen.kctcs.edu
Southeast Kentucky Community and Technical College,United States,southeast.kctcs.edu,abc@southeast.kctcs.edu
West Kentucky Community and Technical College,United States,westkentucky.kctcs.edu,abc@westkentucky.kctcs.edu
Baton Rouge Community College,United States,mybrcc.edu,abc@mybrcc.edu
Bossier Parish Community College,United States,bpcc.edu,abc@bpcc.edu
Delgado Community College,United States,dcc.edu,abc@dcc.edu
L E Fletcher Technical Community College,United States,fletcher.edu,abc@fletcher.edu
Louisiana Delta Community College,United States,ladelta.edu,abc@ladelta.edu
Louisiana State University-Eunice,United States,lsue.edu,abc@lsue.edu
Nunez Community College,United States,nunez.edu,abc@nunez.edu
River Parishes Community College,United States,rpcc.edu,abc@rpcc.edu
Southern University at Shreveport,United States,susla.edu,abc@susla.edu
South Louisiana Community College,United States,solacc.edu,abc@solacc.edu
SOWELA Technical Community College,United States,sowela.edu,abc@sowela.edu
Central Maine Community College,United States,cmcc.edu,abc@cmcc.edu
Central Maine Medical Center College of Nursing and Health Professions,United States,cmmccollege.edu,abc@cmmccollege.edu
Eastern Maine Community College,United States,emcc.edu,abc@emcc.edu
Kennebec Valley Community College,United States,kvcc.me.edu,abc@kvcc.me.edu
Northern Maine Community College,United States,nmcc.edu,abc@nmcc.edu
Southern Maine Community College,United States,smccme.edu,abc@smccme.edu
Washington County Community College,United States,wccc.me.edu,abc@wccc.me.edu
York County Community College,United States,yccc.edu,abc@yccc.edu
Allegany College of Maryland,United States,allegany.edu,abc@allegany.edu
Baltimore City Community College,United States,bccc.edu,abc@bccc.edu
Carroll Community College,United States,carrollcc.edu,abc@carrollcc.edu
Cecil College,United States,cecil.edu,abc@cecil.edu
College of Southern Maryland,United States,csmd.edu,abc@csmd.edu
Garrett College,United States,garrettcollege.edu,abc@garrettcollege.edu
Prince George's Community College,United States,pgcc.edu,abc@pgcc.edu
Wor-Wic Community College,United States,worwic.edu,abc@worwic.edu
Berkshire Community College,United States,berkshirecc.edu,abc@berkshirecc.edu
Bristol Community College,United States,bristolcc.edu,abc@bristolcc.edu
Bunker Hill Community College,United States,bhcc.mass.edu,abc@bhcc.mass.edu
Cape Cod Community College,United States,capecod.edu,abc@capecod.edu
Greenfield Community College,United States,gcc.mass.edu,abc@gcc.mass.edu
Holyoke Community College,United States,hcc.edu,abc@hcc.edu
Massachusetts Bay Community College,United States,massbay.edu,abc@massbay.edu
Massasoit Community College,United States,massasoit.mass.edu,abc@massasoit.mass.edu
Massasoit Community College,United States,massasoit.edu,abc@massasoit.edu
Middlesex Community College,United States,middlesex.mass.edu,abc@middlesex.mass.edu
Mount Wachusett Community College,United States,mwcc.edu,abc@mwcc.edu
Northern Essex Community College,United States,necc.edu,abc@necc.edu
Northern Essex Community College,United States,necc.mass.edu,abc@necc.mass.edu
North Shore Community College,United States,northshore.edu,abc@northshore.edu
Quincy College,United States,quincycollege.edu,abc@quincycollege.edu
Quinsigamond Community College,United States,qcc.edu,abc@qcc.edu
Roxbury Community College,United States,rcc.mass.edu,abc@rcc.mass.edu
Springfield Technical Community College,United States,stcc.edu,abc@stcc.edu
Urban College of Boston,United States,urbancollege.edu,abc@urbancollege.edu
Alpena Community College,United States,alpenacc.edu,abc@alpenacc.edu
Bay de Noc Community College,United States,baycollege.edu,abc@baycollege.edu
Bay Mills Community College,United States,bmcc.edu,abc@bmcc.edu
Delta College,United States,delta.edu,abc@delta.edu
Glen Oaks Community College,United States,glenoaks.cc.mi.us,abc@glenoaks.cc.mi.us
Gogebic Community College,United States,gogebic.edu,abc@gogebic.edu
Grand Rapids Community College,United States,grcc.edu,abc@grcc.edu
Henry Ford College,United States,hfcc.edu,abc@hfcc.edu
Jackson College,United States,jccmi.edu,abc@jccmi.edu
Kalamazoo Valley Community College,United States,kvcc.edu,abc@kvcc.edu
Kellogg Community College,United States,kellogg.edu,abc@kellogg.edu
Keweenaw Bay Ojibwa Community College,United States,kbocc.org,abc@kbocc.org
Kirtland Community College,United States,kirtland.edu,abc@kirtland.edu
Lake Michigan College,United States,lakemichigancollege.edu,abc@lakemichigancollege.edu
Lansing Community College,United States,lcc.edu,abc@lcc.edu
Macomb Community College,United States,macomb.edu,abc@macomb.edu
Mid Michigan Community College,United States,midmich.edu,abc@midmich.edu
Monroe County Community College,United States,monroeccc.edu,abc@monroeccc.edu
Montcalm Community College,United States,montcalm.edu,abc@montcalm.edu
Muskegon Community College,United States,muskegoncc.edu,abc@muskegoncc.edu
North Central Michigan College,United States,ncmich.edu,abc@ncmich.edu
Oakland Community College,United States,oaklandcc.edu,abc@oaklandcc.edu
Saginaw Chippewa Tribal College,United States,sagchip.edu,abc@sagchip.edu
Schoolcraft College,United States,schoolcraft.edu,abc@schoolcraft.edu
Southwestern Michigan College,United States,swmich.edu,abc@swmich.edu
St. Clair County Community College,United States,sc4.edu,abc@sc4.edu
Washtenaw Community College,United States,wccnet.edu,abc@wccnet.edu
Wayne County Community College District,United States,wcccd.edu,abc@wcccd.edu
West Shore Community College,United States,westshore.edu,abc@westshore.edu
Alexandria Technical & Community College,United States,alextech.edu,abc@alextech.edu
Anoka-Ramsey Community College,United States,anokaramsey.edu,abc@anokaramsey.edu
Anoka Technical College,United States,anokatech.edu,abc@anokatech.edu
Central Lakes College-Brainerd,United States,www.clcmn.edu,abc@www.clcmn.edu
Century College,United States,century.edu,abc@century.edu
Dakota County Technical College,United States,dctc.edu,abc@dctc.edu
Fond du Lac Tribal and Community College,United States,fdltcc.edu,abc@fdltcc.edu
Hennepin Technical College,United States,hennepintech.edu,abc@hennepintech.edu
Hibbing Community College,United States,hibbing.edu,abc@hibbing.edu
Inver Hills Community College,United States,inverhills.edu,abc@inverhills.edu
Itasca Community College,United States,itascacc.edu,abc@itascacc.edu
Leech Lake Tribal College,United States,lltc.edu,abc@lltc.edu
Mesabi Range Community and Technical College,United States,mesabirange.edu,abc@mesabirange.edu
Minneapolis Community and Technical College,United States,minneapolis.edu,abc@minneapolis.edu
Minnesota State College-Southeast Technical,United States,southeastmn.edu,abc@southeastmn.edu
Minnesota State Community and Technical College,United States,minnesota.edu,abc@minnesota.edu
Minnesota West Community and Technical College,United States,mnwest.edu,abc@mnwest.edu
Normandale Community College,United States,normandale.edu,abc@normandale.edu
North Hennepin Community College,United States,nhcc.edu,abc@nhcc.edu
Northland Community and Technical College,United States,northlandcollege.edu,abc@northlandcollege.edu
Northwest Technical College,United States,ntcmn.edu,abc@ntcmn.edu
Pine Technical College,United States,pinetech.edu,abc@pinetech.edu
Rainy River Community College,United States,rrcc.mnscu.edu,abc@rrcc.mnscu.edu
Ridgewater College,United States,ridgewater.edu,abc@ridgewater.edu
Riverland Community College,United States,riverland.edu,abc@riverland.edu
Rochester Community and Technical College,United States,rctc.edu,abc@rctc.edu
Saint Paul College,United States,saintpaul.edu,abc@saintpaul.edu
South Central College,United States,southcentral.edu,abc@southcentral.edu
St Cloud Technical and Community College,United States,sctcc.edu,abc@sctcc.edu
Vermilion Community College,United States,vcc.edu,abc@vcc.edu
White Earth Tribal and Community College,United States,wetcc.edu,abc@wetcc.edu
Coahoma Community College,United States,coahomacc.edu,abc@coahomacc.edu
Copiah-Lincoln Community College,United States,colin.edu,abc@colin.edu
Olin College of Engineering,United States,students.olin.edu,abc@students.olin.edu
East Central Community College,United States,eccc.edu,abc@eccc.edu
East Mississippi Community College,United States,eastms.edu,abc@eastms.edu
Hinds Community College,United States,hindscc.edu,abc@hindscc.edu
Holmes Community College,United States,holmescc.edu,abc@holmescc.edu
Itawamba Community College,United States,iccms.edu,abc@iccms.edu
Jones County Junior College,United States,jcjc.edu,abc@jcjc.edu
Meridian Community College,United States,meridiancc.edu,abc@meridiancc.edu
Mississippi Delta Community College,United States,msdelta.edu,abc@msdelta.edu
Mississippi Gulf Coast Community College,United States,mgccc.edu,abc@mgccc.edu
Northeast Mississippi Community College,United States,nemcc.edu,abc@nemcc.edu
Northwest Mississippi Community College,United States,northwestms.edu,abc@northwestms.edu
Pearl River Community College,United States,prcc.edu,abc@prcc.edu
Southwest Mississippi Community College,United States,smcc.edu,abc@smcc.edu
Crowder College,United States,crowder.edu,abc@crowder.edu
East Central College,United States,eastcentral.edu,abc@eastcentral.edu
Jefferson College,United States,jeffco.edu,abc@jeffco.edu
Linn State Technical College,United States,linnstate.edu,abc@linnstate.edu
Mineral Area College,United States,mineralarea.edu,abc@mineralarea.edu
Missouri State University,United States,missouristate.edu,abc@missouristate.edu
Missouri State University-West Plains,United States,wp.missouristate.edu,abc@wp.missouristate.edu
Moberly Area Community College,United States,macc.edu,abc@macc.edu
North Central Missouri College,United States,ncmissouri.edu,abc@ncmissouri.edu
Ozarks Technical Community College,United States,otc.edu,abc@otc.edu
Southeast Missouri Hospital College of Nursing and Health Sciences,United States,southeastmissourihospitalcollege.edu,abc@southeastmissourihospitalcollege.edu
State Fair Community College,United States,sfccmo.edu,abc@sfccmo.edu
St Charles Community College,United States,stchas.edu,abc@stchas.edu
Three Rivers Community College,United States,trcc.edu,abc@trcc.edu
Wentworth Military Academy & Junior College,United States,wma.edu,abc@wma.edu
Aaniiih Nakoda College,United States,ancollege.edu,abc@ancollege.edu
Blackfeet Community College,United States,bfcc.edu,abc@bfcc.edu
Chief Dull Knife College,United States,cdkc.edu,abc@cdkc.edu
Dawson Community College,United States,dawson.edu,abc@dawson.edu
Flathead Valley Community College,United States,fvcc.edu,abc@fvcc.edu
Fort Peck Community College,United States,fpcc.edu,abc@fpcc.edu
Great Falls College Montana State University,United States,gfcmsu.edu,abc@gfcmsu.edu
Helena College University of Montana,United States,umhelena.edu,abc@umhelena.edu
Little Big Horn College,United States,lbhc.edu,abc@lbhc.edu
Miles Community College,United States,milescc.edu,abc@milescc.edu
Stone Child College,United States,stonechild.edu,abc@stonechild.edu
Central Community College,United States,cccneb.edu,abc@cccneb.edu
Little Priest Tribal College,United States,littlepriest.edu,abc@littlepriest.edu
Mid-Plains Community College,United States,mpcc.edu,abc@mpcc.edu
Nebraska College of Technical Agriculture,United States,ncta.unl.edu,abc@ncta.unl.edu
Nebraska Indian Community College,United States,thenicc.edu,abc@thenicc.edu
Northeast Community College,United States,northeast.edu,abc@northeast.edu
Southeast Community College Area,United States,southeast.edu,abc@southeast.edu
Western Nebraska Community College,United States,wncc.edu,abc@wncc.edu
Truckee Meadows Community College,United States,tmcc.edu,abc@tmcc.edu
Great Bay Community College,United States,greatbay.edu,abc@greatbay.edu
Lakes Region Community College,United States,lrcc.edu,abc@lrcc.edu
Manchester Community College,United States,mccnh.edu,abc@mccnh.edu
Nashua Community College,United States,nashuacc.edu,abc@nashuacc.edu
NHTI-Concord's Community College,United States,nhti.edu,abc@nhti.edu
River Valley Community College,United States,rivervalley.edu,abc@rivervalley.edu
White Mountains Community College,United States,wmcc.edu,abc@wmcc.edu
Assumption College for Sisters,United States,acs350.org,abc@acs350.org
Atlantic Cape Community College,United States,atlantic.edu,abc@atlantic.edu
Bergen Community College,United States,bergen.edu,abc@bergen.edu
Brookdale Community College,United States,brookdalecc.edu,abc@brookdalecc.edu
Camden County College,United States,camdencc.edu,abc@camdencc.edu
County College of Morris,United States,ccm.edu,abc@ccm.edu
County College of Morris,United States,student.ccm.edu,abc@student.ccm.edu
Cumberland County College,United States,cccnj.edu,abc@cccnj.edu
Essex County College,United States,essex.edu,abc@essex.edu
Gloucester County College,United States,gccnj.edu,abc@gccnj.edu
Hudson County Community College,United States,hccc.edu,abc@hccc.edu
Middlesex County College,United States,middlesexcc.edu,abc@middlesexcc.edu
Ocean County College,United States,ocean.edu,abc@ocean.edu
Passaic County Community College,United States,pccc.edu,abc@pccc.edu
Raritan Valley Community College,United States,raritanval.edu,abc@raritanval.edu
Salem Community College,United States,salemcc.edu,abc@salemcc.edu
Sussex County Community College,United States,sussex.edu,abc@sussex.edu
Union County College,United States,ucc.edu,abc@ucc.edu
Warren County Community College,United States,warren.edu,abc@warren.edu
Central New Mexico Community College,United States,cnm.edu,abc@cnm.edu
Clovis Community College,United States,clovis.edu,abc@clovis.edu
Eastern New Mexico University-Roswell Campus,United States,roswell.enmu.edu,abc@roswell.enmu.edu
Luna Community College,United States,luna.edu,abc@luna.edu
Mesalands Community College,United States,mesalands.edu,abc@mesalands.edu
New Mexico Junior College,United States,nmjc.edu,abc@nmjc.edu
New Mexico Military Institute,United States,nmmi.edu,abc@nmmi.edu
New Mexico State University-Alamogordo,United States,nmsua.edu,abc@nmsua.edu
New Mexico State University-Carlsbad,United States,cavern.nmsu.edu,abc@cavern.nmsu.edu
New Mexico State University-Dona Ana,United States,dabcc.nmsu.edu,abc@dabcc.nmsu.edu
San Juan College,United States,sanjuancollege.edu,abc@sanjuancollege.edu
Santa Fe Community College,United States,sfcc.edu,abc@sfcc.edu
Southwestern Indian Polytechnic Institute,United States,sipi.edu,abc@sipi.edu
Adirondack Community College,United States,www.sunyacc.edu,abc@www.sunyacc.edu
American Academy of Dramatic Arts-New York,United States,aada.edu,abc@aada.edu
ASA College,United States,asa.edu,abc@asa.edu
Cayuga County Community College,United States,cayuga-cc.edu,abc@cayuga-cc.edu
Clinton Community College,United States,clinton.edu,abc@clinton.edu
Columbia-Greene Community College,United States,sunycgcc.edu,abc@sunycgcc.edu
CUNY Borough of Manhattan Community College,United States,bmcc.cuny.edu,abc@bmcc.cuny.edu
CUNY Bronx Community College,United States,bcc.cuny.edu,abc@bcc.cuny.edu
CUNY Hostos Community College,United States,hostos.cuny.edu,abc@hostos.cuny.edu
CUNY Kingsborough Community College,United States,kbcc.cuny.edu,abc@kbcc.cuny.edu
CUNY LaGuardia Community College,United States,lagcc.cuny.edu,abc@lagcc.cuny.edu
CUNY Queensborough Community College,United States,qcc.cuny.edu,abc@qcc.cuny.edu
CUNY Baruch College,United States,baruch.cuny.edu,abc@baruch.cuny.edu
CUNY Queens College,United States,qc.cuny.edu,abc@qc.cuny.edu
CUNY City Tech,United States,citytech.cuny.edu,abc@citytech.cuny.edu
CUNY City College of NY,United States,ccny.cuny.edu,abc@ccny.cuny.edu
CUNY Brooklyn College,United States,brooklyn.cuny.edu,abc@brooklyn.cuny.edu
CUNY Medgar Evers College,United States,mec.cuny.edu,abc@mec.cuny.edu
CUNY College of Staten Island,United States,csi.cuny.edu,abc@csi.cuny.edu
CUNY Macauly Honors College,United States,macauly.cuny.edu,abc@macauly.cuny.edu
Dutchess Community College,United States,sunydutchess.edu,abc@sunydutchess.edu
Finger Lakes Community College,United States,flcc.edu,abc@flcc.edu
Fulton-Montgomery Community College,United States,fmcc.edu,abc@fmcc.edu
Genesee Community College,United States,genesee.edu,abc@genesee.edu
Herkimer County Community College,United States,herkimer.edu,abc@herkimer.edu
Hudson Valley Community College,United States,hvcc.edu,abc@hvcc.edu
Jamestown Community College,United States,sunyjcc.edu,abc@sunyjcc.edu
Jefferson Community College,United States,sunyjefferson.edu,abc@sunyjefferson.edu
Mohawk Valley Community College,United States,mvcc.edu,abc@mvcc.edu
Monroe Community College,United States,monroecc.edu,abc@monroecc.edu
Nassau Community College,United States,ncc.edu,abc@ncc.edu
Niagara County Community College,United States,niagaracc.suny.edu,abc@niagaracc.suny.edu
North Country Community College,United States,nccc.edu,abc@nccc.edu
Onondaga Community College,United States,sunyocc.edu,abc@sunyocc.edu
Orange County Community College,United States,sunyorange.edu,abc@sunyorange.edu
Rockland Community College,United States,sunyrockland.edu,abc@sunyrockland.edu
Saint Elizabeth College of Nursing,United States,secon.edu,abc@secon.edu
Schenectady County Community College,United States,sunysccc.edu,abc@sunysccc.edu
Suffolk County Community College,United States,www3.sunysuffolk.edu,abc@www3.sunysuffolk.edu
Sullivan County Community College,United States,sunysullivan.edu,abc@sunysullivan.edu
SUNY Broome Community College,United States,www.sunybroome.edu,abc@www.sunybroome.edu
SUNY Westchester Community College,United States,sunywcc.edu,abc@sunywcc.edu
Technical Career Institutes,United States,tcicollege.edu,abc@tcicollege.edu
Tompkins Cortland Community College,United States,tc3.edu,abc@tc3.edu
Ulster County Community College,United States,www.sunyulster.edu,abc@www.sunyulster.edu
Alamance Community College,United States,alamancecc.edu,abc@alamancecc.edu
Asheville-Buncombe Technical Community College,United States,abtech.edu,abc@abtech.edu
Beaufort County Community College,United States,beaufortccc.edu,abc@beaufortccc.edu
Bladen Community College,United States,bladencc.edu,abc@bladencc.edu
Blue Ridge Community College,United States,blueridge.edu,abc@blueridge.edu
Brunswick Community College,United States,brunswickcc.edu,abc@brunswickcc.edu
Caldwell Community College and Technical Institute,United States,cccti.edu,abc@cccti.edu
Cape Fear Community College,United States,cfcc.edu,abc@cfcc.edu
Carolinas College of Health Sciences,United States,carolinascollege.edu,abc@carolinascollege.edu
Carteret Community College,United States,carteret.edu,abc@carteret.edu
Catawba Valley Community College,United States,cvcc.edu,abc@cvcc.edu
Central Carolina Community College,United States,cccc.edu,abc@cccc.edu
Central Piedmont Community College,United States,cpcc.edu,abc@cpcc.edu
Cleveland Community College,United States,clevelandcc.edu,abc@clevelandcc.edu
Coastal Carolina Community College,United States,coastalcarolina.edu,abc@coastalcarolina.edu
College of the Albemarle,United States,albemarle.edu,abc@albemarle.edu
Craven Community College,United States,cravencc.edu,abc@cravencc.edu
Davidson County Community College,United States,davidsonccc.edu,abc@davidsonccc.edu
Durham Technical Community College,United States,durhamtech.edu,abc@durhamtech.edu
Edgecombe Community College,United States,edgecombe.edu,abc@edgecombe.edu
Fayetteville Technical Community College,United States,faytechcc.edu,abc@faytechcc.edu
Forsyth Technical Community College,United States,forsythtech.edu,abc@forsythtech.edu
Gaston College,United States,gaston.edu,abc@gaston.edu
Guilford Technical Community College,United States,gtcc.edu,abc@gtcc.edu
Halifax Community College,United States,halifaxcc.edu,abc@halifaxcc.edu
Haywood Community College,United States,haywood.edu,abc@haywood.edu
Isothermal Community College,United States,isothermal.edu,abc@isothermal.edu
James Sprunt Community College,United States,jamessprunt.edu,abc@jamessprunt.edu
Johnston Community College,United States,johnstoncc.edu,abc@johnstoncc.edu
Louisburg College,United States,louisburg.edu,abc@louisburg.edu
Martin Community College,United States,martincc.edu,abc@martincc.edu
Mayland Community College,United States,mayland.edu,abc@mayland.edu
McDowell Technical Community College,United States,mcdowelltech.edu,abc@mcdowelltech.edu
Mitchell Community College,United States,mitchellcc.edu,abc@mitchellcc.edu
Montgomery Community College,United States,montgomery.edu,abc@montgomery.edu
Nash Community College,United States,nashcc.edu,abc@nashcc.edu
Pamlico Community College,United States,pamlicocc.edu,abc@pamlicocc.edu
Piedmont Community College,United States,piedmontcc.edu,abc@piedmontcc.edu
Pitt Community College,United States,pittcc.edu,abc@pittcc.edu
Randolph Community College,United States,randolph.edu,abc@randolph.edu
Richmond Community College,United States,richmondcc.edu,abc@richmondcc.edu
Roanoke-Chowan Community College,United States,roanokechowan.edu,abc@roanokechowan.edu
Robeson Community College,United States,robeson.edu,abc@robeson.edu
Rockingham Community College,United States,rockinghamcc.edu,abc@rockinghamcc.edu
Rowan-Cabarrus Community College,United States,rccc.edu,abc@rccc.edu
Sampson Community College,United States,sampsoncc.edu,abc@sampsoncc.edu
Sandhills Community College,United States,sandhills.edu,abc@sandhills.edu
Southeastern Community College,United States,sccnc.edu,abc@sccnc.edu
South Piedmont Community College,United States,spcc.edu,abc@spcc.edu
Southwestern Community College,United States,southwesterncc.edu,abc@southwesterncc.edu
Stanly Community College,United States,stanly.edu,abc@stanly.edu
Surry Community College,United States,surry.edu,abc@surry.edu
Tri-County Community College,United States,tricountycc.edu,abc@tricountycc.edu
Wake Technical Community College,United States,waketech.edu,abc@waketech.edu
Wayne Community College,United States,waynecc.edu,abc@waynecc.edu
Western Piedmont Community College,United States,wpcc.edu,abc@wpcc.edu
Wilkes Community College,United States,wilkescc.edu,abc@wilkescc.edu
Wilson Community College,United States,wilsoncc.edu,abc@wilsoncc.edu
Cankdeska Cikana Community College,United States,littlehoop.edu,abc@littlehoop.edu
Dakota College at Bottineau,United States,dakotacollege.edu,abc@dakotacollege.edu
Lake Region State College,United States,lrsc.edu,abc@lrsc.edu
North Dakota State College of Science,United States,ndscs.edu,abc@ndscs.edu
Williston State College,United States,willistonstate.edu,abc@willistonstate.edu
Belmont College,United States,belmontcollege.edu,abc@belmontcollege.edu
Central Ohio Technical College,United States,cotc.edu,abc@cotc.edu
Chatfield College,United States,chatfield.edu,abc@chatfield.edu
Cincinnati State Technical and Community College,United States,cincinnatistate.edu,abc@cincinnatistate.edu
Clark State Community College,United States,clarkstate.edu,abc@clarkstate.edu
Columbus State Community College,United States,cscc.edu,abc@cscc.edu
Cuyahoga Community College District,United States,tri-c.edu,abc@tri-c.edu
Davis College,United States,daviscollege.edu,abc@daviscollege.edu
Eastern Gateway Community College,United States,egcc.edu,abc@egcc.edu
Edison State Community College,United States,edisonohio.edu,abc@edisonohio.edu
Hocking College,United States,hocking.edu,abc@hocking.edu
James A Rhodes State College,United States,rhodesstate.edu,abc@rhodesstate.edu
Lakeland Community College,United States,lakelandcc.edu,abc@lakelandcc.edu
Lorain County Community College,United States,lorainccc.edu,abc@lorainccc.edu
Marion Technical College,United States,mtc.edu,abc@mtc.edu
North Central State College,United States,ncstatecollege.edu,abc@ncstatecollege.edu
Northwest State Community College,United States,northweststate.edu,abc@northweststate.edu
Ohio State University Agricultural Technical Institute,United States,ati.osu.edu,abc@ati.osu.edu
Owens Community College,United States,owens.edu,abc@owens.edu
Southern State Community College,United States,sscc.edu,abc@sscc.edu
Stark State College,United States,starkstate.edu,abc@starkstate.edu
Terra State Community College,United States,terra.edu,abc@terra.edu
University of Akron Wayne College,United States,wayne.uakron.edu,abc@wayne.uakron.edu
Washington State Community College,United States,wscc.edu,abc@wscc.edu
Zane State College,United States,zanestate.edu,abc@zanestate.edu
Carl Albert State College,United States,carlalbert.edu,abc@carlalbert.edu
Connors State College,United States,connorsstate.edu,abc@connorsstate.edu
Eastern Oklahoma State College,United States,eosc.edu,abc@eosc.edu
Murray State College,United States,mscok.edu,abc@mscok.edu
Northeastern Oklahoma A&M College,United States,neo.edu,abc@neo.edu
Northern Oklahoma College,United States,noc.edu,abc@noc.edu
Oklahoma City Community College,United States,occc.edu,abc@occc.edu
Redlands Community College,United States,redlandscc.edu,abc@redlandscc.edu
Rose State College,United States,rose.edu,abc@rose.edu
Seminole State College,United States,sscok.edu,abc@sscok.edu
Tulsa Community College,United States,tulsacc.edu,abc@tulsacc.edu
Western Oklahoma State College,United States,wosc.edu,abc@wosc.edu
Blue Mountain Community College,United States,bluecc.edu,abc@bluecc.edu
Central Oregon Community College,United States,cocc.edu,abc@cocc.edu
Chemeketa Community College,United States,chemeketa.edu,abc@chemeketa.edu
Clackamas Community College,United States,clackamas.edu,abc@clackamas.edu
Clatsop Community College,United States,clatsopcc.edu,abc@clatsopcc.edu
Columbia Gorge Community College,United States,cgcc.cc.or.us,abc@cgcc.cc.or.us
Klamath Community College,United States,klamathcc.edu,abc@klamathcc.edu
Lane Community College,United States,lanecc.edu,abc@lanecc.edu
Linn-Benton Community College,United States,linnbenton.edu,abc@linnbenton.edu
Mt. Hood Community College,United States,mhcc.edu,abc@mhcc.edu
Rogue Community College,United States,roguecc.edu,abc@roguecc.edu
Southwestern Oregon Community College,United States,socc.edu,abc@socc.edu
Tillamook Bay Community College,United States,tbcc.cc.or.us,abc@tbcc.cc.or.us
Treasure Valley Community College,United States,tvcc.cc,abc@tvcc.cc
Umpqua Community College,United States,umpqua.edu,abc@umpqua.edu
Bucks County Community College,United States,bucks.edu,abc@bucks.edu
Butler County Community College,United States,bc3.edu,abc@bc3.edu
Community College of Allegheny County,United States,ccac.edu,abc@ccac.edu
Community College of Beaver County,United States,ccbc.edu,abc@ccbc.edu
Community College of Philadelphia,United States,ccp.edu,abc@ccp.edu
Delaware County Community College,United States,dccc.edu,abc@dccc.edu
Harcum College,United States,harcum.edu,abc@harcum.edu
Harrisburg Area Community College-Harrisburg,United States,hacc.edu,abc@hacc.edu
Lackawanna College,United States,lackawanna.edu,abc@lackawanna.edu
Lehigh Carbon Community College,United States,lccc.edu,abc@lccc.edu
Luzerne County Community College,United States,luzerne.edu,abc@luzerne.edu
Manor College,United States,manor.edu,abc@manor.edu
Montgomery County Community College,United States,mc3.edu,abc@mc3.edu
Pennsylvania Highlands Community College,United States,pennhighlands.edu,abc@pennhighlands.edu
Pennsylvania Institute of Technology,United States,pit.edu,abc@pit.edu
Pittsburgh Technical Institute,United States,pti.edu,abc@pti.edu
Reading Area Community College,United States,racc.edu,abc@racc.edu
Thaddeus Stevens College of Technology,United States,stevenscollege.edu,abc@stevenscollege.edu
University of Pittsburgh-Titusville,United States,upt.pitt.edu,abc@upt.pitt.edu
Valley Forge Military Academy and College,United States,vfmac.edu,abc@vfmac.edu
Westmoreland County Community College,United States,wccc.edu,abc@wccc.edu
Community College of Rhode Island,United States,ccri.edu,abc@ccri.edu
Central Carolina Technical College,United States,cctech.edu,abc@cctech.edu
Denmark Technical College,United States,denmarktech.edu,abc@denmarktech.edu
Florence-Darlington Technical College,United States,www.fdtc.edu,abc@www.fdtc.edu
Greenville Technical College,United States,gvltec.edu,abc@gvltec.edu
Horry-Georgetown Technical College,United States,hgtc.edu,abc@hgtc.edu
Midlands Technical College,United States,midlandstech.edu,abc@midlandstech.edu
Northeastern Technical College,United States,netc.edu,abc@netc.edu
Orangeburg Calhoun Technical College,United States,octech.edu,abc@octech.edu
Piedmont Technical College,United States,ptc.edu,abc@ptc.edu
Spartanburg Community College,United States,sccsc.edu,abc@sccsc.edu
Spartanburg Methodist College,United States,smcsc.edu,abc@smcsc.edu
Technical College of the Lowcountry,United States,tcl.edu,abc@tcl.edu
Tri-County Technical College,United States,tctc.edu,abc@tctc.edu
Trident Technical College,United States,tridenttech.edu,abc@tridenttech.edu
Williamsburg Technical College,United States,wiltech.edu,abc@wiltech.edu
York Technical College,United States,yorktech.edu,abc@yorktech.edu
Kilian Community College,United States,kilian.edu,abc@kilian.edu
Lake Area Technical Institute,United States,lakeareatech.edu,abc@lakeareatech.edu
Mitchell Technical Institute,United States,mitchelltech.edu,abc@mitchelltech.edu
Sisseton Wahpeton College,United States,swc.tc,abc@swc.tc
Southeast Technical Institute,United States,southeasttech.edu,abc@southeasttech.edu
Western Dakota Technical Institute,United States,wdt.edu,abc@wdt.edu
Chattanooga State Community College,United States,chattanoogastate.edu,abc@chattanoogastate.edu
Cleveland State Community College,United States,clevelandstatecc.edu,abc@clevelandstatecc.edu
Columbia State Community College,United States,columbiastate.edu,abc@columbiastate.edu
Dyersburg State Community College,United States,dscc.edu,abc@dscc.edu
Jackson State Community College,United States,jscc.edu,abc@jscc.edu
John A Gupton College,United States,guptoncollege.edu,abc@guptoncollege.edu
Motlow State Community College,United States,mscc.edu,abc@mscc.edu
Northeast State Community College,United States,northeaststate.edu,abc@northeaststate.edu
Pellissippi State Community College,United States,pstcc.edu,abc@pstcc.edu
Roane State Community College,United States,roanestate.edu,abc@roanestate.edu
Southwest Tennessee Community College,United States,southwest.tn.edu,abc@southwest.tn.edu
Volunteer State Community College,United States,volstate.edu,abc@volstate.edu
Walters State Community College,United States,ws.edu,abc@ws.edu
Alvin Community College,United States,alvincollege.edu,abc@alvincollege.edu
Amarillo College,United States,actx.edu,abc@actx.edu
Angelina College,United States,angelina.edu,abc@angelina.edu
Blinn College,United States,blinn.edu,abc@blinn.edu
Brookhaven College,United States,brookhavencollege.edu,abc@brookhavencollege.edu
Cedar Valley College,United States,cedarvalleycollege.edu,abc@cedarvalleycollege.edu
Central Texas College,United States,ctcd.edu,abc@ctcd.edu
Schreiner University,United States,schreiner.edu,abc@schreiner.edu
Cisco College,United States,cisco.edu,abc@cisco.edu
Clarendon College,United States,clarendoncollege.edu,abc@clarendoncollege.edu
Coastal Bend College,United States,coastalbend.edu,abc@coastalbend.edu
College of the Mainland,United States,com.edu,abc@com.edu
Collin County Community College District,United States,collin.edu,abc@collin.edu
Del Mar College,United States,delmar.edu,abc@delmar.edu
Eastfield College,United States,eastfieldcollege.edu,abc@eastfieldcollege.edu
El Centro College,United States,elcentrocollege.edu,abc@elcentrocollege.edu
El Paso Community College,United States,epcc.edu,abc@epcc.edu
Frank Phillips College,United States,fpctx.edu,abc@fpctx.edu
Galveston College,United States,gc.edu,abc@gc.edu
Grayson College,United States,grayson.edu,abc@grayson.edu
Hill College,United States,hillcollege.edu,abc@hillcollege.edu
Houston Community College,United States,hccs.edu,abc@hccs.edu
Howard College,United States,howardcollege.edu,abc@howardcollege.edu
Jacksonville College-Main Campus,United States,jacksonville-college.edu,abc@jacksonville-college.edu
Kilgore College,United States,kilgore.edu,abc@kilgore.edu
Lamar Institute of Technology,United States,lit.edu,abc@lit.edu
Lamar State College-Orange,United States,lsco.edu,abc@lsco.edu
Lamar State College-Port Arthur,United States,lamarpa.edu,abc@lamarpa.edu
Laredo Community College,United States,laredo.edu,abc@laredo.edu
Lee College,United States,lee.edu,abc@lee.edu
Lone Star College System,United States,lonestar.edu,abc@lonestar.edu
McLennan Community College,United States,mclennan.edu,abc@mclennan.edu
Navarro College,United States,navarrocollege.edu,abc@navarrocollege.edu
North Central Texas College,United States,nctc.edu,abc@nctc.edu
Northeast Texas Community College,United States,ntcc.edu,abc@ntcc.edu
North Lake College,United States,northlakecollege.edu,abc@northlakecollege.edu
Odessa College,United States,odessa.edu,abc@odessa.edu
Alamo Colleges District,United States,alamo.edu,abc@alamo.edu
Panola College,United States,panola.edu,abc@panola.edu
Paris Junior College,United States,parisjc.edu,abc@parisjc.edu
Ranger College,United States,rangercollege.edu,abc@rangercollege.edu
Richland College,United States,richlandcollege.edu,abc@richlandcollege.edu
South Plains College,United States,southplainscollege.edu,abc@southplainscollege.edu
Southwest Texas Junior College,United States,swtjc.net,abc@swtjc.net
Temple College,United States,templejc.edu,abc@templejc.edu
Texarkana College,United States,texarkanacollege.edu,abc@texarkanacollege.edu
Texas State Technical College-Harlingen,United States,harlingen.tstc.edu,abc@harlingen.tstc.edu
Texas State Technical College-Marshall,United States,marshall.tstc.edu,abc@marshall.tstc.edu
Texas State Technical College-Waco,United States,waco.tstc.edu,abc@waco.tstc.edu
Texas State Technical College-West Texas,United States,westtexas.tstc.edu,abc@westtexas.tstc.edu
Trinity Valley Community College,United States,tvcc.edu,abc@tvcc.edu
Tyler Junior College,United States,www.tjc.edu,abc@www.tjc.edu
Vernon College,United States,vernoncollege.edu,abc@vernoncollege.edu
Victoria College,United States,victoriacollege.edu,abc@victoriacollege.edu
Weatherford College,United States,wc.edu,abc@wc.edu
Western Texas College,United States,wtc.edu,abc@wtc.edu
Wharton County Junior College,United States,wcjc.edu,abc@wcjc.edu
Latter-day Saints Business College,United States,ldsbc.edu,abc@ldsbc.edu
Salt Lake Community College,United States,slcc.edu,abc@slcc.edu
Community College of Vermont,United States,ccv.edu,abc@ccv.edu
Blue Ridge Community College,United States,brcc.edu,abc@brcc.edu
Central Virginia Community College,United States,cvcc.vccs.edu,abc@cvcc.vccs.edu
Dabney S Lancaster Community College,United States,dslcc.edu,abc@dslcc.edu
Danville Community College,United States,dcc.vccs.edu,abc@dcc.vccs.edu
Eastern Shore Community College,United States,es.vccs.edu,abc@es.vccs.edu
Germanna Community College,United States,germanna.edu,abc@germanna.edu
John Tyler Community College,United States,jtcc.edu,abc@jtcc.edu
J Sargeant Reynolds Community College,United States,reynolds.edu,abc@reynolds.edu
Lord Fairfax Community College,United States,lfcc.edu,abc@lfcc.edu
Mountain Empire Community College,United States,mecc.edu,abc@mecc.edu
New River Community College,United States,nr.edu,abc@nr.edu
Northern Virginia Community College,United States,nvcc.edu,abc@nvcc.edu
Patrick Henry Community College,United States,patrickhenry.edu,abc@patrickhenry.edu
Paul D Camp Community College,United States,pdc.edu,abc@pdc.edu
Piedmont Virginia Community College,United States,pvcc.edu,abc@pvcc.edu
Rappahannock Community College,United States,rappahannock.edu,abc@rappahannock.edu
Richard Bland College of the College of William and Mary,United States,rbc.edu,abc@rbc.edu
Southside Virginia Community College,United States,southside.edu,abc@southside.edu
Southwest Virginia Community College,United States,sw.edu,abc@sw.edu
Thomas Nelson Community College,United States,tncc.edu,abc@tncc.edu
Tidewater Community College,United States,tcc.edu,abc@tcc.edu
Virginia Highlands Community College,United States,vhcc.edu,abc@vhcc.edu
Virginia Western Community College,United States,virginiawestern.edu,abc@virginiawestern.edu
Wytheville Community College,United States,wcc.vccs.edu,abc@wcc.vccs.edu
Bates Technical College,United States,bates.ctc.edu,abc@bates.ctc.edu
Bellingham Technical College,United States,btc.ctc.edu,abc@btc.ctc.edu
Big Bend Community College,United States,bigbend.edu,abc@bigbend.edu
Cascadia Community College,United States,cascadia.edu,abc@cascadia.edu
Clark College,United States,clark.edu,abc@clark.edu
Clover Park Technical College,United States,cptc.edu,abc@cptc.edu
Edmonds Community College,United States,edcc.edu,abc@edcc.edu
Everett Community College,United States,everettcc.edu,abc@everettcc.edu
Grays Harbor College,United States,ghc.edu,abc@ghc.edu
Green River Community College,United States,greenriver.edu,abc@greenriver.edu
Highline Community College,United States,highline.edu,abc@highline.edu
Lower Columbia College,United States,lowercolumbia.edu,abc@lowercolumbia.edu
Pierce College at Puyallup,United States,pierce.ctc.edu,abc@pierce.ctc.edu
Renton Technical College,United States,rtc.edu,abc@rtc.edu
Shoreline Community College,United States,shoreline.edu,abc@shoreline.edu
Skagit Valley College,United States,skagit.edu,abc@skagit.edu
South Puget Sound Community College,United States,spscc.ctc.edu,abc@spscc.ctc.edu
Spokane Community College,United States,scc.spokane.edu,abc@scc.spokane.edu
Spokane Falls Community College,United States,spokanefalls.edu,abc@spokanefalls.edu
Tacoma Community College,United States,tacomacc.edu,abc@tacomacc.edu
Walla Walla Community College,United States,wwcc.edu,abc@wwcc.edu
Wenatchee Valley College,United States,wvc.edu,abc@wvc.edu
Whatcom Community College,United States,whatcom.ctc.edu,abc@whatcom.ctc.edu
Yakima Valley Community College,United States,yvcc.edu,abc@yvcc.edu
Blue Ridge Community and Technical College,United States,blueridgectc.edu,abc@blueridgectc.edu
Bridgemont Community and Technical College,United States,bridgemont.edu,abc@bridgemont.edu
Eastern West Virginia Community and Technical College,United States,eastern.wvnet.edu,abc@eastern.wvnet.edu
Huntington Junior College,United States,huntingtonjuniorcollege.edu,abc@huntingtonjuniorcollege.edu
Kanawha Valley Community and Technical College,United States,kvctc.edu,abc@kvctc.edu
Mountwest Community and Technical College,United States,mctc.edu,abc@mctc.edu
New River Community and Technical College,United States,newriver.edu,abc@newriver.edu
Pierpont Community and Technical College,United States,pierpont.edu,abc@pierpont.edu
Southern West Virginia Community and Technical College,United States,southernwv.edu,abc@southernwv.edu
West Virginia Northern Community College,United States,wvncc.edu,abc@wvncc.edu
Blackhawk Technical College,United States,blackhawk.edu,abc@blackhawk.edu
Chippewa Valley Technical College,United States,cvtc.edu,abc@cvtc.edu
Fox Valley Technical College,United States,fvtc.edu,abc@fvtc.edu
Gateway Technical College,United States,gtc.edu,abc@gtc.edu
Lac Courte Oreilles Ojibwa Community College,United States,lco.edu,abc@lco.edu
Lakeshore Technical College,United States,gotoltc.edu,abc@gotoltc.edu
Madison Area Technical College,United States,madisoncollege.edu,abc@madisoncollege.edu
Mid-State Technical College,United States,mstc.edu,abc@mstc.edu
Milwaukee Area Technical College,United States,matc.edu,abc@matc.edu
Moraine Park Technical College,United States,morainepark.edu,abc@morainepark.edu
Nicolet Area Technical College,United States,nicoletcollege.edu,abc@nicoletcollege.edu
Northcentral Technical College,United States,ntc.edu,abc@ntc.edu
Northeast Wisconsin Technical College,United States,nwtc.edu,abc@nwtc.edu
Southwest Wisconsin Technical College,United States,swtc.edu,abc@swtc.edu
University of Wisconsin Colleges,United States,uwc.edu,abc@uwc.edu
Waukesha County Technical College,United States,wctc.edu,abc@wctc.edu
Western Technical College,United States,westerntc.edu,abc@westerntc.edu
Wisconsin Indianhead Technical College,United States,witc.edu,abc@witc.edu
Casper College,United States,caspercollege.edu,abc@caspercollege.edu
Central Wyoming College,United States,cwc.edu,abc@cwc.edu
Eastern Wyoming College,United States,ewc.wy.edu,abc@ewc.wy.edu
Laramie County Community College,United States,lccc.wy.edu,abc@lccc.wy.edu
Northwest College,United States,northwestcollege.edu,abc@northwestcollege.edu
Sheridan College,United States,sheridan.edu,abc@sheridan.edu
Western Wyoming Community College,United States,wwcc.wy.edu,abc@wwcc.wy.edu
Trinity Bible College & Graduate School,United States,trinitybiblecollege.edu,abc@trinitybiblecollege.edu
University of Michigan-Flint,United States,umflint.edu,abc@umflint.edu
Kenai Peninsula College,United States,kpc.alaska.edu,abc@kpc.alaska.edu
Mat-Su College,United States,matsu.alaska.edu,abc@matsu.alaska.edu
Kodiak College,United States,koc.alaska.edu,abc@koc.alaska.edu
Alaska Pacific University,United States,alaskapacific.edu,abc@alaskapacific.edu
Wayland Baptist University,United States,wbu.edu,abc@wbu.edu
Polk State College,United States,polk.edu,abc@polk.edu
Brescia University,United States,brescia.edu,abc@brescia.edu
Rogers State University,United States,rsu.edu,abc@rsu.edu
Neumann University,United States,neumann.edu,abc@neumann.edu
Savannah College of Art and Design,United States,scad.edu,abc@scad.edu
Savannah College of Art and Design,United States,student.scad.edu,abc@student.scad.edu
Ashford University,United States,ashford.edu,abc@ashford.edu
McPherson College,United States,mcpherson.edu,abc@mcpherson.edu
Community College System of New Hampshire,United States,ccsnh.edu,abc@ccsnh.edu
Defiance College,United States,defiance.edu,abc@defiance.edu
Medical University of South Carolina,United States,musc.edu,abc@musc.edu
Gulf Coast State College,United States,gulfcoast.edu,abc@gulfcoast.edu
Academy of Art University,United States,academyart.edu,abc@academyart.edu
Academy of Art University,United States,art.edu,abc@art.edu
Lenoir-Rhyne University,United States,lr.edu,abc@lr.edu
Point Park University,United States,pointpark.edu,abc@pointpark.edu
Northwood University,United States,northwood.edu,abc@northwood.edu
Clark Atlanta University,United States,cau.edu,abc@cau.edu
Morehouse,United States,morehouse.edu,abc@morehouse.edu
University of St. Augustine for Health Sciences,United States,usa.edu,abc@usa.edu
Gwynedd Mercy University,United States,gmercyu.edu,abc@gmercyu.edu
California Institute of the Arts,United States,calarts.edu,abc@calarts.edu
Des Moines University,United States,dmu.edu,abc@dmu.edu
Utah Tech University,United States,utahtech.edu,abc@utahtech.edu
Midwestern University,United States,midwestern.edu,abc@midwestern.edu
Illinois Wesleyan University,United States,iwu.edu,abc@iwu.edu
Maryville College,United States,maryvillecollege.edu,abc@maryvillecollege.edu
Endicott College,United States,endicott.edu,abc@endicott.edu
The University of Alabama,United States,ua.edu,abc@ua.edu
Great Basin College,United States,gbcnv.edu,abc@gbcnv.edu
Einsteinmed,United States,einsteinmed.edu,abc@einsteinmed.edu
Miami Dade College,United States,mdc.edu,abc@mdc.edu
Florida SouthWestern State College,United States,fsw.edu,abc@fsw.edu
Bishop McNamara High School,United States,bmhs.org,abc@bmhs.org
Chaminade University of Honolulu,United States,chaminade.edu,abc@chaminade.edu
Dalton State College,United States,daltonstate.edu,abc@daltonstate.edu
Ojai Unified School District,United States,ojaiusd.org,abc@ojaiusd.org
Bismark State College,United States,bismarckstate.edu,abc@bismarckstate.edu
Quadrat Academy,United States,quadratacademy.com,abc@quadratacademy.com
University of North Alabama,United States,una.edu,abc@una.edu
Bellevue College,United States,bellevuecollege.edu,abc@bellevuecollege.edu
CUNY Lehman College,United States,lehman.cuny.edu,abc@lehman.cuny.edu
CUNY John Jay College of Criminal Justice,United States,jjay.cuny.edu,abc@jjay.cuny.edu
Hunter College CUNY,United States,hunter.cuny.edu,abc@hunter.cuny.edu
CUNY York College,United States,york.cuny.edu,abc@york.cuny.edu
Pennsylvania State University - Harrisburg,United States,harrisburg.psu.edu,abc@harrisburg.psu.edu
Alcorn State University,United States,alcorn.edu,abc@alcorn.edu
Allen University,United States,allenuniversity.edu,abc@allenuniversity.edu
American Baptist College,United States,abcnash.edu,abc@abcnash.edu
"Arkansas at Pine Bluff, University of",United States,uapb.edu,abc@uapb.edu
Arkansas Baptist College,United States,arkansasbaptist.edu,abc@arkansasbaptist.edu
Barber-Scotia College,United States,b-sc.edu,abc@b-sc.edu
Benedict College,United States,benedict.edu,abc@benedict.edu
Bennett College,United States,bennet.edu,abc@bennet.edu
Bethune-Cookman University,United States,cookman.edu,abc@cookman.edu
Bluefield State College,United States,bluefieldstate.edu,abc@bluefieldstate.edu
Carver College,United States,carver.edu,abc@carver.edu
Central State University,United States,centralstate.edu,abc@centralstate.edu
Claflin University,United States,claflin.edu,abc@claflin.edu
Clinton College,United States,clintoncollege.edu,abc@clintoncollege.edu
Edward Waters University,United States,ewc.edu,abc@ewc.edu
Florida Memorial University,United States,fmuniv.edu,abc@fmuniv.edu
Fort Valley State University,United States,fvsu.edu,abc@fvsu.edu
Gasden State Community College,United States,gadsenstate.edu,abc@gadsenstate.edu
Grambling State University,United States,gram.edu,abc@gram.edu
Harris-Stowe State University,United States,hssu.edu,abc@hssu.edu
Hood Theological,United States,hoodseminary.edu,abc@hoodseminary.edu
Huston-Tillotson University,United States,htu.edu,abc@htu.edu
Interdenominational Theological Center,United States,itc.edu,abc@itc.edu
Jarvis Christian College,United States,jarvis.edu,abc@jarvis.edu
Johnson C Smith Theological Seminary *,United States,smithseminary.org,abc@smithseminary.org
Kentucky State University,United States,kysu.edu,abc@kysu.edu
Knoxville College,United States,knoxvillecollege.edu,abc@knoxvillecollege.edu
Lane College,United States,lanecollege.edu,abc@lanecollege.edu
Lawson State Community College,United States,lawsonstate.edu,abc@lawsonstate.edu
LeMoyne-Owen College,United States,loc.edu,abc@loc.edu
Livingstone College,United States,livingstone.edu,abc@livingstone.edu
Meharry Medical College,United States,mmc.edu,abc@mmc.edu
Miles College,United States,miles.edu,abc@miles.edu
Miles School of Law,United States,mlaw.edu,abc@mlaw.edu
Morehouse School of Medicine,United States,msm.edu,abc@msm.edu
Morris Brown College,United States,morrisbrown.edu,abc@morrisbrown.edu
Morris College,United States,morris.edu,abc@morris.edu
Paine College,United States,paine.edu,abc@paine.edu
Paul Quinn College,United States,paulquinn.edu,abc@paulquinn.edu
Philander Smith College,United States,philander.edu,abc@philander.edu
Rust College,United States,rustcollege.edu,abc@rustcollege.edu
Savannah State University,United States,savannahstate.edu,abc@savannahstate.edu
Selma University,United States,selmauniversity.edu,abc@selmauniversity.edu
Shaw University,United States,shawu.edu,abc@shawu.edu
Simmons College of Kentucky,United States,simmonscollegeky.edu,abc@simmonscollegeky.edu
South Carolina State University,United States,scsu.edu,abc@scsu.edu
Southern University at New Orleans,United States,suno.edu,abc@suno.edu
Southwestern Christian College,United States,swcc.edu,abc@swcc.edu
St. Augustine's University,United States,st-aug.edu,abc@st-aug.edu
Stillman College,United States,stillman.edu,abc@stillman.edu
Talladega College,United States,talladega.edu,abc@talladega.edu
Texas College,United States,texascollege.edu,abc@texascollege.edu
Tougaloo College,United States,tougaloo.edu,abc@tougaloo.edu
Virginia Union University,United States,vuu.edu,abc@vuu.edu
Virginia University of Lynchburg,United States,vul.edu,abc@vul.edu
Voorhees University,United States,voorhees.edu,abc@voorhees.edu
West Virginia State University,United States,wvstate.edu,abc@wvstate.edu
Wiley College,United States,wileyc.edu,abc@wileyc.edu
Winston-Salem State University,United States,wssu.edu,abc@wssu.edu
Unity Environmental College,United States,unity.edu,abc@unity.edu
Catawba College,United States,catawba.edu,abc@catawba.edu
Texas A&M University-Texarkana,United States,ace.tamut.edu,abc@ace.tamut.edu
Belhaven University,United States,belhaven.edu,abc@belhaven.edu
Berry College,United States,berry.edu,abc@berry.edu
Bloomfield College,United States,bloomfield.edu,abc@bloomfield.edu
Bridgewater State University,United States,bridgew.edu,abc@bridgew.edu
Cabrini University,United States,cabrini.edu,abc@cabrini.edu
Caldwell University,United States,caldwell.edu,abc@caldwell.edu
Cornell College,United States,cornellcollege.edu,abc@cornellcollege.edu
Covenant College,United States,covenant.edu,abc@covenant.edu
Chicago State University,United States,csu.edu,abc@csu.edu
California State University,United States,csueastbay.edu,abc@csueastbay.edu
Colorado State University-Pueblo,United States,csupueblo.edu,abc@csupueblo.edu
Bay Atlantic University,United States,bau.edu,abc@bau.edu
Siena College,United States,siena.edu,abc@siena.edu
Texas Wesleyan University,United States,txwes.edu,abc@txwes.edu
Island Drafting & Technical Institute,United States,idti.edu,abc@idti.edu
Bay Path University,United States,baypath.edu,abc@baypath.edu
Snow College,United States,snow.edu,abc@snow.edu
State Center Community College District,United States,scccd.edu,abc@scccd.edu
Davidson-Davie Community College,United States,davidsondavie.edu,abc@davidsondavie.edu
Berkeley College,United States,berkeleycollege.edu,abc@berkeleycollege.edu
Schiller International University,United States,schiller.edu,abc@schiller.edu
Greensboro College,United States,greensboro.edu,abc@greensboro.edu
Verde Valley School,United States,vvsaz.org,abc@vvsaz.org
Oglethorpe University,United States,oglethorpe.edu,abc@oglethorpe.edu
Detroit School of Technology,United States,dsdt.edu,abc@dsdt.edu
North Central College,United States,northcentralcollege.edu,abc@northcentralcollege.edu
The University of Montana Western,United States,umwestern.edu,abc@umwestern.edu
Queens University of Charlotte,United States,queens.edu,abc@queens.edu
Lincoln Memorial University,United States,lmunet.edu,abc@lmunet.edu
Greenville University,United States,greenville.edu,abc@greenville.edu
State University of New York at Oneonta,United States,suny.oneonta.edu,abc@suny.oneonta.edu
Northwestern Michigan College,United States,nmc.edu,abc@nmc.edu
Adrian College,United States,adrian.edu,abc@adrian.edu
Concordia University Wisconsin,United States,cuw.edu,abc@cuw.edu
Delaware Valley University,United States,delval.edu,abc@delval.edu
Davis & Elkins College,United States,dewv.edu,abc@dewv.edu
Eckerd College,United States,eckerd.edu,abc@eckerd.edu
University of South Carolina Upstate,United States,email.uscupstate.edu,abc@email.uscupstate.edu
Fairfield University,United States,fairfield.edu,abc@fairfield.edu
Foothill-De Anza Community College District,United States,fhda.edu,abc@fhda.edu
Francis Marion University,United States,g.fmarion.edu,abc@g.fmarion.edu
George Fox University,United States,georgefox.edu,abc@georgefox.edu
Grand View University,United States,grandview.edu,abc@grandview.edu
Abraham Baldwin Agricultural College,United States,abac.edu,abc@abac.edu
Abraham Baldwin Agricultural College,United States,stallions.abac.edu,abc@stallions.abac.edu
Capital University,United States,capital.edu,abc@capital.edu
State University of New York College at Oneonta,United States,oneonta.edu,abc@oneonta.edu
University of Mount Olive,United States,umo.edu,abc@umo.edu
The University of Olivet,United States,olivetcollege.edu,abc@olivetcollege.edu
Westminster University,United States,westminsteru.edu,abc@westminsteru.edu
Dominican University,United States,dom.edu,abc@dom.edu
Claremont Colleges,United States,claremont.edu,abc@claremont.edu
Rowan College at Burlington County,United States,rcbc.edu,abc@rcbc.edu
Thomas Jefferson University,United States,jefferson.edu,abc@jefferson.edu
Aspen University,United States,aspen.edu,abc@aspen.edu
California University of Science and Medicine,United States,cusm.edu,abc@cusm.edu
CUNY School of Law,United States,law.cuny.edu,abc@law.cuny.edu
Doane University,United States,doane.edu,abc@doane.edu
Eastern Virginia Medical School,United States,evms.edu,abc@evms.edu
Elms College,United States,elms.edu,abc@elms.edu
Estrella Mountain Community College,United States,estrellamountain.edu,abc@estrellamountain.edu
Florida Southern College,United States,flsouthern.edu,abc@flsouthern.edu
Franklin Pierce University,United States,franklinpierce.edu,abc@franklinpierce.edu
Kansas City University,United States,kansascity.edu,abc@kansascity.edu
Loyola University New Orleans,United States,loyno.edu,abc@loyno.edu
Maryland Institute College of Arts,United States,mica.edu,abc@mica.edu
Merrimack College,United States,merrimack.edu,abc@merrimack.edu
Nebraska Wesleyan University,United States,nebrwesleyan.edu,abc@nebrwesleyan.edu
New York Medical College,United States,nymc.edu,abc@nymc.edu
Pacific Northwest University of Health Sciences,United States,pnwu.edu,abc@pnwu.edu
Rowan College of South Jersey,United States,rcsj.edu,abc@rcsj.edu
Sofia University,United States,sofia.edu,abc@sofia.edu
SUNY Downstate Health Sciences University,United States,downstate.edu,abc@downstate.edu
"University of South Carolina, Beaufort",United States,uscb.edu,abc@uscb.edu
Vermont Law School,United States,vermontlaw.edu,abc@vermontlaw.edu
Western Nevada College,United States,wnc.edu,abc@wnc.edu
Western University of Health Sciences,United States,westernu.edu,abc@westernu.edu
St. Mary's University,United States,stmarytx.edu,abc@stmarytx.edu
South Florida State College,United States,southflorida.edu,abc@southflorida.edu
Alvernia University,United States,alvernia.edu,abc@alvernia.edu
Hellenic American University,United States,hauniv.edu,abc@hauniv.edu
University of Holy Cross,United States,uhcno.edu,abc@uhcno.edu
University of Pikeville,United States,upike.edu,abc@upike.edu
Stonehill College,United States,stonehill.edu,abc@stonehill.edu
Southern Virginia University,United States,svu.edu,abc@svu.edu
Louisiana State University - Shreveport,United States,lsus.edu,abc@lsus.edu
Wingate University,United States,wingate.edu,abc@wingate.edu
California College of the Arts,United States,cca.edu,abc@cca.edu
Dallas College,United States,dallascollege.edu,abc@dallascollege.edu
University of North Texas at Dallas,United States,untdallas.edu,abc@untdallas.edu
